session_name:HW02;session_id:91i5p3a9r85kc37ho2bm9065vk;"session_start:21:38:52 pm";"session_end:21:38:55 pm"
session_name:HW02;session_id:38c6g5odimlc8k5j63g6d2ngo9;"session_start:21:39:06 pm";"session_end:21:39:07 pm"
session_name:HW02;session_id:8kfcoa4j2pbiftj7qafpaimhn4;"session_start:21:39:16 pm";"session_end:21:39:16 pm"
session_name:HW02;session_id:cg97jgu0pgph02npa1vthml29h;"session_start:21:40:33 pm";"session_end:22:19:47 pm"
session_name:HW02;session_id:qkjmtbke695u6a4f4bgjo1tpuj;"session_start:22:19:48 pm";"session_end:22:50:04 pm"
session_name:HW02;session_id:uuas4fh1ghvircg9akkl21cij9;"session_start:22:50:05 pm";"session_end:22:50:20 pm"
session_name:HW02;session_id:jaq769e8abitc4t65s8k9qt5gd;"session_start:22:50:22 pm";"session_end:22:52:52 pm"
session_name:HW02;session_id:k76g00h85adsvsmug4vahsckna;"session_start:22:52:53 pm";"session_end:22:53:38 pm"
session_name:HW02;session_id:ot3iq9osn6ehe1d72bel08i8rl;"session_start:22:53:38 pm";"session_end:22:55:03 pm"
session_name:HW02;session_id:ifk6v2jk6s73olbuia1l4c9q22;"session_start:22:55:04 pm";"session_end:22:58:34 pm"
session_name:HW02;session_id:0r79cd43pd50criocehevd4p9u;"session_start:22:58:38 pm";"session_end:23:00:02 pm"
session_name:HW02;session_id:ae5u8ksod5eb24moqmpnrsebs6;"session_start:23:00:03 pm";"session_end:23:04:14 pm"
session_name:HW02;session_id:eo17vn5aj7vm3tj6m7q8lv9tp2;"session_start:23:04:15 pm";"session_end:23:12:32 pm"
session_name:HW02;session_id:bak59u27tfr32utn17f3e6vrcs;"session_start:23:12:33 pm";"session_end:23:14:05 pm"
session_name:HW02;session_id:2voeh2q0tfunhdbodhukphob64;"session_start:23:14:06 pm";"session_end:23:16:26 pm"
session_name:HW02;session_id:m5t028mnpd85d09q44ekfsl26c;"session_start:23:16:27 pm";"session_end:23:17:15 pm"
session_name:HW02;session_id:kbh8tvui2p5s0l77dqolodge5a;"session_start:23:17:16 pm";"session_end:23:18:29 pm"
